"","stream.nitrate.trend","stream.ammonium.trend","stream.tp.trend","stream.tn.trend","lake.tn.trend","lake.tp.trend"
"stream.nitrate.trend",1,0.444679141607038,0.201593578347952,0.406443556673725,0.109188300706163,-0.0917685422591813
"stream.ammonium.trend",0.444679141607038,1,0.229874077042311,-0.281978285862502,0.216882558666107,-0.224026028557795
"stream.tp.trend",0.201593578347952,0.229874077042311,1,0.312007157784712,-0.0235072645128475,0.0353406576143453
"stream.tn.trend",0.406443556673725,-0.281978285862502,0.312007157784712,1,-0.0785823910757623,0.218077827661675
"lake.tn.trend",0.109188300706163,0.216882558666107,-0.0235072645128475,-0.0785823910757623,1,0.703337168120802
"lake.tp.trend",-0.0917685422591813,-0.224026028557795,0.0353406576143453,0.218077827661675,0.703337168120802,1
